id,firstname,lastname,email,gender,birthday,status,country,city
67756b0c-281d-498d-ab99-cb36e97f3b5d,Giustina,Colbert,Giustina.Colbert@local.com,male,2019-05-20,false,Zambia,Columbus
d6108a57-3154-4b5f-952a-71b8a2227723,Cordi,Ephrem,Cordi.Ephrem@local.com,male,2008-03-01,false,Senegal,Apia
b89735ec-a523-4232-ad47-3952a9ad8e45,Sharlene,Marlie,Sharlene.Marlie@local.com,female,2005-05-29,false,"Lao People""S Democratic Republic",Rochester
758fd644-4c58-492e-89e5-f3b1f06ae355,Jordan,Elo,Jordan.Elo@local.com,female,1981-05-13,false,Peru,Lilongwe
dafbe9b3-7563-4cf8-a093-19ade8767955,Priscilla,Tacye,Priscilla.Tacye@local.com,female,2018-06-01,true,Mayotte,Maceió
c9c7530c-75da-4959-993b-d07be5aaf75f,Trudie,Wilkinson,Trudie.Wilkinson@local.com,female,2013-10-08,false,Lebanon,Chaguanas
dd3c8cd4-290e-4c27-a1b9-98c5e25438ba,Gavrielle,Dosia,Gavrielle.Dosia@local.com,male,2005-01-02,false,Algeria,Montevideo
9a9f7b84-9723-4bae-bcd7-6ed4de9efccb,Phylis,Joachim,Phylis.Joachim@local.com,female,2000-10-12,true,Botswana,Vientiane
76fd8452-c702-4196-9677-557ccbc9daf1,Marti,Kazimir,Marti.Kazimir@local.com,female,2014-02-22,false,Belize,Marseille
d785ae77-7ac3-4c71-a19a-015afe9e733f,Lorenza,Minetta,Lorenza.Minetta@local.com,male,2006-06-16,true,Cayman Islands,Nuuk
a6584286-1864-4b19-9f97-e66de495566a,Zaria,Means,Zaria.Means@local.com,male,1983-06-04,true,Mozambique,Sucre
7c20ff84-c75a-435f-bc98-59027425151d,Joy,Soneson,Joy.Soneson@local.com,male,2007-03-30,true,Georgia,Vienna
ce40441a-e8b3-4f2e-b5bd-c98bf1de6ca9,Lynnea,Olnee,Lynnea.Olnee@local.com,male,1983-11-01,true,Saint Lucia,Liverpool
fe27e53f-98da-4e6e-aa23-f88efd929a32,Ofilia,Alva,Ofilia.Alva@local.com,male,1984-02-19,true,Lithuania,Minneapolis
50a30a74-0b3d-4c66-ba24-e349df305b43,Tatiania,Myrilla,Tatiania.Myrilla@local.com,male,1983-09-29,false,Armenia,Qingdao
f1664fc0-72fb-4b33-80c8-0f57df0c1100,Hildegaard,Lane,Hildegaard.Lane@local.com,male,2011-02-15,false,"Virgin Islands, U.S.",Antananarivo
36d06e4c-d243-4454-a96f-368a230649d3,Anestassia,Kannry,Anestassia.Kannry@local.com,male,2011-11-21,false,Peru,Huế
51da2d47-b381-4b7d-adfd-19f7a0c35679,Susan,Primalia,Susan.Primalia@local.com,male,2016-05-10,false,Niger,Memphis
64b3554e-856d-400b-97ac-81db49da62cc,Lizzie,Schonfeld,Lizzie.Schonfeld@local.com,female,2004-04-05,false,Mongolia,Toronto
885d756d-080a-4207-ba48-272541915cf6,Carilyn,Ader,Carilyn.Ader@local.com,male,2006-07-13,false,American Samoa,Chişinău
7d15b3f8-0b22-467d-ab97-15c6421418bd,Dawn,Franza,Dawn.Franza@local.com,male,1981-02-08,false,Ecuador,Mumbai
e2d05c56-71dd-40cb-98ac-cc3162316a27,Edith,Bigner,Edith.Bigner@local.com,male,2014-01-23,false,Guyana,Kano
99b59c89-3f48-4bf8-bb0d-8c129ad8b5a3,Mildrid,Selway,Mildrid.Selway@local.com,female,1995-05-17,false,Paraguay,Kunming
61ee8562-4803-4994-b355-2b8fa1bc3b80,Nananne,Thad,Nananne.Thad@local.com,male,2009-11-16,false,Sao Tome and Principe,Zhengzhou
2e3b70ea-aa20-492d-b2a0-6e00d1b24178,Corina,Milde,Corina.Milde@local.com,male,1992-01-03,true,Mexico,Tunis
5b7915ce-9e4e-44c1-b3db-a1def9540b8b,Sheelagh,Clarissa,Sheelagh.Clarissa@local.com,female,1993-08-31,false,Djibouti,Peshawar
6f263336-77e5-4c0e-be62-b0c7dd12df0d,Wynne,Vary,Wynne.Vary@local.com,female,2014-04-23,true,Bermuda,Kigali
e6069f26-e9c1-48d8-b5df-0d3230024477,Monika,Corrine,Monika.Corrine@local.com,male,2016-03-08,false,Mauritania,St. Louis
9718a768-54a6-4b6c-947f-393c95003169,Christy,Zamora,Christy.Zamora@local.com,female,1998-12-10,true,"Macedonia, The Former Yugoslav Republic of",Willemstad
048883e5-9fd4-4837-8949-68d105e0a5ff,Mariann,Corrine,Mariann.Corrine@local.com,male,2015-11-21,false,Lithuania,Milwaukee
b5df370a-e6b7-4753-b0c8-a850e061106d,Madelle,Brandice,Madelle.Brandice@local.com,male,2000-08-25,false,Slovenia,Belém
985edbc1-5fb0-4d79-b669-d1bb243de589,Elise,Kermit,Elise.Kermit@local.com,male,1983-03-01,true,Angola,Tórshavn
24ca8d99-cc9b-4e4d-a876-26f22c027fe1,Briney,Darbie,Briney.Darbie@local.com,male,2009-02-08,false,Ghana,Yokohama
e7a8b02a-597d-4d04-96b4-50a15d5f213a,Janey,Stoller,Janey.Stoller@local.com,female,1989-06-24,false,Oman,New Delhi
a85ae4ea-98b1-414d-b63e-f382f59ae479,Helsa,Stephie,Helsa.Stephie@local.com,male,1999-03-03,false,Sao Tome and Principe,Harbin
fda42d6d-2741-4b8f-b292-5a560da07cee,Alyssa,Brenn,Alyssa.Brenn@local.com,female,2001-03-24,false,Iraq,Lubumbashi
59892c20-fd26-4117-b8f6-412f0ed35016,Misha,Shelba,Misha.Shelba@local.com,female,2000-02-26,true,Mauritius,Konya
f319b7f4-f978-4b5c-b308-f381af3afaa1,Valera,Kathie,Valera.Kathie@local.com,male,1996-09-16,false,Reunion,The Hague
0930605b-a702-482c-9e6d-25d3d97308e2,Gianina,Natica,Gianina.Natica@local.com,male,2007-12-01,true,Kuwait,Kyoto
17f11336-e311-4fd9-87ff-3d71e04796ef,Elie,Buckler,Elie.Buckler@local.com,female,1984-05-22,true,Bosnia and Herzegovina,Malacca Town
c9732127-b470-43f8-8957-dbfc204ffe74,Sashenka,Montgomery,Sashenka.Montgomery@local.com,female,1990-03-28,true,Swaziland,Pattaya
1bf7655b-6d72-4587-837c-7c91586e71fa,Evita,Buttaro,Evita.Buttaro@local.com,female,2012-01-16,false,Kiribati,Zamboanga City
654b8c27-dce8-40f5-8abc-a145ca8bb808,Sybille,Bigner,Sybille.Bigner@local.com,male,1999-07-21,true,Guinea,Phoenix
0ef1c697-5ab8-4422-ad91-d9ef2afc8b51,Bernie,Sancho,Bernie.Sancho@local.com,male,2018-07-30,true,RWANDA,Port Moresby
d9ce6d03-96e4-453b-b3af-af4e818b6c45,Jessy,Caitlin,Jessy.Caitlin@local.com,male,2007-07-25,false,Christmas Island,Dili
5412cbdf-8863-4ec3-89cc-7ebd75bb973f,Dawn,Evangelia,Dawn.Evangelia@local.com,male,2000-01-23,false,Suriname,San Salvador
91d97fcc-c603-4ccc-a5db-d287c7b9cfb6,Zaria,Garrison,Zaria.Garrison@local.com,female,2014-06-20,false,Antarctica,South Tarawa
e4c6500b-5ec5-464f-869d-54ca3b03b574,Ardys,Weinreb,Ardys.Weinreb@local.com,male,2008-04-09,true,Serbia and Montenegro,Cartagena
84cfe4d4-ce5c-4cd4-8f4a-081c0672c1e8,Daune,Eno,Daune.Eno@local.com,female,1982-06-07,true,Viet Nam,Tijuana
3732b448-a20b-4333-bdf0-0e7b0ebbc2a1,Jillayne,Cornelia,Jillayne.Cornelia@local.com,female,1991-02-18,false,RWANDA,Faisalabad
9b43af99-4c3d-405a-bce4-0012b47b228d,Mara,O'Neill,Mara.O'Neill@local.com,male,1994-01-27,false,Hong Kong,Kaesong
3f378643-a9cf-4954-acf6-7ecdbc7552e1,Corly,Ferrell,Corly.Ferrell@local.com,male,1987-01-07,true,San Marino,Las Vegas
94585139-ed25-41a7-bbc2-12d9df6f873f,Janey,Martguerita,Janey.Martguerita@local.com,male,2005-05-04,false,Bangladesh,Malacca Town
3fadcf7a-b388-4595-b8f4-4701f1128322,Merry,Hachmin,Merry.Hachmin@local.com,female,2004-11-16,false,Malta,Lubumbashi
9e65f8f8-fec3-4ed1-9235-7d5f52ec220d,Lyssa,Tristram,Lyssa.Tristram@local.com,female,1990-02-19,true,Portugal,Dunedin
bea52431-717a-406f-8202-750c71d5face,Ann-Marie,Strephon,Ann-Marie.Strephon@local.com,male,1987-12-21,true,South Africa,Newcastle
caa50952-b8d5-43df-be3a-57336cecf5a2,Leeanne,Sammons,Leeanne.Sammons@local.com,female,1995-08-08,false,"Taiwan, Province of China",Kinshasa
bf9b626f-a289-44d6-ab59-72e80fcfe3bb,Joeann,Ardra,Joeann.Ardra@local.com,female,1987-08-16,true,Palau,Damascus
916596d0-cb16-45ec-887f-828ee57e8bc0,Gerrie,Marijo,Gerrie.Marijo@local.com,female,1994-07-03,true,Angola,Shanghai
602deee8-087d-455c-9efe-8124f54b93a9,Margarette,Munn,Margarette.Munn@local.com,female,1999-03-15,false,Dominica,Edinburgh
2424fa2c-4950-4211-8b01-a8f6b096ac9a,Adore,Bibi,Adore.Bibi@local.com,female,2013-07-26,true,Zimbabwe,Bandar Seri Begawan
4c452056-94dc-4745-9f7e-6f46983e3e02,Carmela,Aida,Carmela.Aida@local.com,female,2014-12-25,true,Wallis and Futuna,Málaga
090a0070-2c9f-486b-9790-346c40c0f849,Kristina,Suanne,Kristina.Suanne@local.com,male,1992-03-21,true,Cape Verde,Pristina
764010b2-70ad-493b-a601-14b26342ac9b,Gloria,Wolfgram,Gloria.Wolfgram@local.com,male,1986-11-02,false,Lesotho,Leipzig
28399ab5-4a72-4f2a-b40e-ff67dea51a11,Theodora,Constancy,Theodora.Constancy@local.com,male,2017-11-20,false,Ireland,Puebla
d97a286a-3393-42a0-a425-f154683ec8ac,Cassandra,Esmaria,Cassandra.Esmaria@local.com,female,1998-12-26,true,Viet Nam,Amman
838672de-244c-489c-bcd3-2d1529711932,Sashenka,Eugenia,Sashenka.Eugenia@local.com,female,2017-05-21,false,Indonesia,Bern
fa8f1a0b-0ace-4ac0-8db9-f68bac93d305,Tamqrah,Bury,Tamqrah.Bury@local.com,female,1986-01-21,true,Ghana,La Serena
19901898-5465-4fd5-919d-bd8e6710e75c,Mahalia,Gwenore,Mahalia.Gwenore@local.com,female,2002-10-28,false,Timor-Leste,Bahía Blanca
840f4225-f993-483e-8b71-dae4468fe50c,Correy,Ardra,Correy.Ardra@local.com,female,1985-01-11,true,Cook Islands,Yamoussoukro
9fc4bd45-0462-4084-aeeb-c23e8941d5f3,Kial,Sinegold,Kial.Sinegold@local.com,male,2000-11-10,true,Guadeloupe,Tskhinvali
79c1de75-b772-4dfe-9dd0-83d90b7362c4,Esmeralda,O'Rourke,Esmeralda.O'Rourke@local.com,male,1998-08-01,true,Paraguay,Saint Petersburg
175ffac4-55f9-4cbb-8a04-90ef3b3a2224,Jenilee,Idelia,Jenilee.Idelia@local.com,female,1991-08-15,true,Angola,Iloilo City
387d64cb-a29a-4231-b833-3a22f695b5eb,Agnese,Suk,Agnese.Suk@local.com,male,1996-03-26,true,Wallis and Futuna,Pekanbaru
b2f3136f-5021-45ff-8045-a135a6ccc6c3,Almeta,Lia,Almeta.Lia@local.com,male,2000-11-02,false,Wallis and Futuna,Lilongwe
a5189433-656d-4362-bc2b-a05edc74be98,Jsandye,Nelsen,Jsandye.Nelsen@local.com,male,1998-03-20,true,Wallis and Futuna,São Tomé
6fffbec4-efcd-4c96-8992-bfb6e6b0c347,Leia,Wenda,Leia.Wenda@local.com,female,1999-08-24,false,Northern Mariana Islands,Zamboanga City
56cd4c8c-8228-4552-bb47-8c3da750554b,Imojean,Cosenza,Imojean.Cosenza@local.com,male,2019-11-29,true,Guinea-Bissau,Frankfurt
8673a56c-89c1-4f0f-b620-4f0643f780cd,Charissa,Donoghue,Charissa.Donoghue@local.com,female,2017-09-03,false,Kyrgyzstan,Ankara
7f303ef4-8262-40f8-928c-9217eb2d6e2a,Deedee,Anderea,Deedee.Anderea@local.com,female,1997-03-10,true,Comoros,Seoul
ad55a8e0-858b-454a-b71f-3c7ac7184590,Ketti,Tamar,Ketti.Tamar@local.com,male,2006-02-06,true,Tonga,Malacca Town
b9211a7a-349e-4c80-95b9-d39c47f91f7d,Amelia,Imelida,Amelia.Imelida@local.com,male,1993-06-12,true,Estonia,Denpasar
72f92370-b156-4087-a8c4-3c1b58a1029e,Adriana,Kellby,Adriana.Kellby@local.com,male,2009-06-11,true,Honduras,Yakutsk
d2632c2e-8a2a-4773-af1c-e49da00d4252,Georgina,Carvey,Georgina.Carvey@local.com,female,2016-05-27,true,Cyprus,Gothenburg
cd0408a9-f61d-4f76-a617-3520a6ce6987,Ida,Yorick,Ida.Yorick@local.com,male,1985-12-28,false,Falkland Islands (Malvinas),Cairo
be984fae-9945-4fbd-831a-7be9e2764444,Molli,Kat,Molli.Kat@local.com,female,2000-03-10,false,Japan,Milan
dbe61a89-eac9-4924-ac68-be6565dc17b9,Lorie,Toor,Lorie.Toor@local.com,female,2018-03-21,true,Tonga,Valdivia
9f8822a8-2655-4053-bf74-a5fda0719666,Dawn,Pelagias,Dawn.Pelagias@local.com,male,2016-04-08,false,"Virgin Islands, U.S.",Chiang Mai
33a119f1-88db-4764-a4a5-5cb48af00d9a,Pearline,Adore,Pearline.Adore@local.com,male,2015-06-11,true,Greenland,Karachi
155a4d37-dd3d-4bf9-b007-bea67d017562,Peri,Colbert,Peri.Colbert@local.com,female,2009-04-04,true,Puerto Rico,Yakutsk
fd62acc0-d2d5-4885-a3ed-ce86b4cba03e,Lorie,Sacken,Lorie.Sacken@local.com,male,1981-08-09,true,Burundi,Miri
81a40268-f495-47e3-beaf-430c67533c39,Addia,Weinreb,Addia.Weinreb@local.com,female,2000-08-19,false,Mayotte,Okinawa
63a7434e-d2af-4cae-9929-f4b928221d02,Lyssa,Phi,Lyssa.Phi@local.com,female,1999-03-21,false,New Zealand,Pattaya
d988d628-5956-4ba3-a40d-d45c68dd4dc7,Flory,Mintz,Flory.Mintz@local.com,male,1995-02-04,false,Somalia,Zürich
7b785d7c-3031-4db0-916d-15ac0f8dc93e,Helsa,Diann,Helsa.Diann@local.com,female,2014-08-19,false,Slovakia,Kota Bharu
43f4f38a-25e7-42fe-bf8f-35ca221720ab,Augustine,Jehu,Augustine.Jehu@local.com,male,1981-09-13,false,Antarctica,Siem Reap
fc80188e-56a2-4d73-9275-47e7fc509b02,Gerrie,Ade,Gerrie.Ade@local.com,female,2017-08-28,false,Saint Vincent and the Grenadines,Bangui
72c835c5-384a-474c-8b46-cd69db1f2afa,Alia,Faro,Alia.Faro@local.com,female,1997-01-23,true,Netherlands,Chişinău
d3073df0-9d04-44c9-a068-729d31dbf56d,Ira,Melan,Ira.Melan@local.com,female,2016-09-21,false,Martinique,St. George's
ede2e2be-4bd9-4b05-bc39-b10b52d622ee,Silvana,Erminia,Silvana.Erminia@local.com,female,2007-04-23,true,Turkmenistan,Vitória